id_patient_fact,nom_famille,prenoms,date_naiss,tel,mail,mutuelle,num_mutuelle
FACT-000001,LAGARDE,Isabelle,26/12/1990,01 47 08 5,kbertin@example.net,Aucune,1473227
FACT-000002,BONNÉT,Isaac,04/03/1954,+33 (0)3 5,ovallee@example.com,Harmonie,7121835
FACT-000003,LEMONNIER,Lorraine,21/11/1943,01 74 65 4,alexandrieevrard@example.org,,3922635
FACT-000004,CHEVALIER,Thierry,08/01/1947,0524625058,diane76@example.com,MGEN,
FACT-000005,MARTINS,Thérèse,20/09/2016,+33 4 32 6,martineaucaroline@example.com,MGEN,3768193
FACT-000006,ALLAIN,Marie,07/02/1950,+33 5 34 9,laetitiaschneider@example.org,,8478868
FACT-000007,LAROCHE,Éric,26/04/2001,+33 (0)1 7,nicolasaudrey@example.org,MGEN,
FACT-000008,MAURY,Laure,23/05/2013,+33 2 28 3,emmanuellemarin@example.net,,8966231
FACT-000009,DEVAUX,Adrien,19/07/1965,+33 4 99 8,didiersophie@example.org,Harmonie,2694338
FACT-000010,LAGARDÉ,Isabelle,26/12/1990,04 44 14 2,valetterene@example.com,Aucune,
FACT-000011,MAILLARD,Françoise,02/02/1988,+33 2 53 8,poirierjacqueline@example.org,MAAF,
FACT-000012,BONNEAU,Georges,25/08/1946,0145806931,iblanchet@example.org,AXA,5514473
FACT-000013,SAMSON,Cécile,03/01/1966,+33 5 32 5,roland48@example.com,Generali,
FACT-000014,MARTIN,Bernadette,05/09/1965,03 26 03 5,wguillon@example.net,Generali,
FACT-000015,KLEIN,Patricia,21/07/1990,+33 1 82 2,antoinetteguyon@example.com,Aucune,4728795
FACT-000016,THIBAULT,Véronique,25/08/1988,+33 (0)5 4,camillelacombe@example.com,,
FACT-000017,FERREIRA,Élise,13/02/1955,05 94 60 7,renee77@example.org,Harmonie,
FACT-000018,RIVIÈRE,Michel,02/03/2002,03 20 52 7,richardgaudin@example.net,Aucune,3244614
FACT-000019,GUILLON,Astrid,24/10/2012,+33 (0)7 5,nroy@example.net,,3073581
FACT-000020,DIALLO,Nath,15/01/1957,+33 2 46 7,jeanlaurent@example.org,Harmonie,9289690
FACT-000021,DE OLIVEIRA,Antoinette,17/09/1995,+33 4 95 2,daniellehenry@example.org,MGEN,7043399
FACT-000022,GUILLET,Noémi,04/11/1982,0633777980,renee21@example.org,Harmonie,
FACT-000023,COSTE,Olivie,20/04/1968,+33 (0)2 4,isabelle16@example.net,,8351152
FACT-000024,ALLAIN,Marie,07/02/1950,+33 (0)1 7,michellaure@example.net,Aucune,
FACT-000025,BERTRAND,Camille,10/10/1973,0269716808,colleteugene@example.com,,
FACT-000026,COSTE,Alexandre,10/08/1971,+33 5 17 1,yleger@example.com,Generali,7272839
FACT-000027,DAVID,Nicole,01/05/2004,0608977058,duboistristan@example.org,AXA,
FACT-000028,BONNET,Isaac,04/03/1954,0481402408,penelope47@example.net,Aucune,7453568
FACT-000029,DIALLO,Nath,15/01/1957,+33 3 68 9,tessierbenjamin@example.org,,9957402
FACT-000030,CARPENTIER,Valentine,03/10/2013,04 84 48 0,mroyer@example.com,AXA,7524435
FACT-000031,HUET,Benjamin,07/09/2000,+33 (0)1 4,wcamus@example.net,AXA,4246352
FACT-000032,GAUTHIER,Capucine,17/03/1988,+33 (0)3 5,denisepineau@example.com,MGEN,6052539
FACT-000033,GUÉRIN,Lucas,18/08/1943,+33 4 37 7,catherinemaurice@example.net,Aucune,2902100
FACT-000034,GUILLET,Suzanne,03/01/2020,02 79 35 4,hpaul@example.org,MGEN,6565260
FACT-000035,MÉNARD,Martin,21/11/1984,0238990205,martinrenaud@example.com,Harmonie,4819259
FACT-000036,LUCAS,Gabrielle,28/06/1997,+33 (0)4 9,ileroux@example.org,,1517059
FACT-000037,PERON,Marguerite,31/05/1963,03 58 03 2,ygerard@example.com,MGEN,8738745
FACT-000038,GUICHARD,Hortense,20/09/1956,+33 (0)2 5,mathildelelievre@example.com,Harmonie,3348838
FACT-000039,MAURICE,Chantal,02/05/1972,0250188177,albertroger@example.com,MAAF,9111841
FACT-000040,BOUSQUET,Thibaut,24/03/2013,+33 (0)5 1,margaret44@example.org,,2305896
FACT-000041,THIERRY,Patricia,27/09/1964,+33 3 26 7,pierre46@example.org,MGEN,3463987
FACT-000042,CHARTIÉR,Pauline,04/03/1967,+33 2 47 8,ponsandree@example.net,MGEN,5755579
FACT-000043,PÉRON,Marcelle,02/02/1975,+33 2 31 2,qcouturier@example.com,MAAF,9569884
FACT-000044,TURPIN,David,10/06/1987,+33 (0)4 3,anastasie65@example.org,Harmonie,3186555
FACT-000045,DUPUIS,Marie,29/03/1989,+33 2 98 9,therese42@example.net,Aucune,7668174
FACT-000046,THIÉRRY,Patricia,27/09/1964,+33 (0)4 1,pierre46@example.org,Harmonie,
FACT-000047,MENARD,Martin,21/11/1984,+33 2 55 5,martinrenaud@example.com,Generali,
FACT-000048,MOREAU,Auguste,31/01/1986,+33 (0)1 5,ipereira@example.com,Generali,7326357
FACT-000049,BRUNEL,Frédérique,12/11/2013,+33 (0)1 7,michel09@example.net,AXA,6973148
FACT-000050,GILLET,Émilie,01/12/1969,0188273682,alaindeschamps@example.net,,5609255
FACT-000051,GUIBERT,Monique,17/07/1973,03 53 77 6,emile74@example.net,Aucune,
FACT-000052,BRUNEAU,Alex,28/06/1953,0233963394,kgerard@example.net,,
FACT-000053,GUYON,Paulette,07/01/1995,+33 (0)4 5,igerard@example.com,Harmonie,4337963
FACT-000054,MOULIN,Céline,15/05/1944,0156409934,dupontcorinne@example.com,Harmonie,
FACT-000055,THIERRY,Xavier,29/01/1968,+33 1 82 3,josephine82@example.com,Generali,3266851
FACT-000056,CHAUVEAU,Agnès,28/11/1944,+33 (0)5 3,ddijoux@example.org,,3739207
FACT-000057,ALBERT,Auguste,09/03/1951,0614497365,thibaultcollin@example.com,MGEN,
FACT-000058,MENDÈS,Alfred,06/08/1949,+33 (0)1 6,adamfrancoise@example.net,AXA,6227389
FACT-000059,BRUNEAU,Alex,28/06/1953,0233963394,kgerard@example.net,Generali,
FACT-000060,PERON,Marcelle,02/02/1975,+33 2 31 2,qcouturier@example.com,Aucune,
FACT-000061,BÉRNIÉR,Théodore,11/11/1996,+33 1 53 7,wtorres@example.net,Harmonie,
FACT-000062,LEMAIRE,Chantal,17/08/1944,0565029074,xpruvost@example.org,,
FACT-000063,MAILLARD,Louise,12/11/1967,+33 (0)5 7,mullercharlotte@example.com,Aucune,9488562
FACT-000064,TESSIER,Josette,10/04/2001,05 49 22 0,marionmargaret@example.org,,9821818
FACT-000065,BODIN,Anastasie,12/09/1978,+33 (0)4 5,lambertnicolas@example.net,Aucune,8165129
FACT-000066,DEVAUX,Adrien,19/07/1965,0169240837,robinmarine@example.org,Aucune,6446792
FACT-000067,LAROCHE,Martine,24/10/1963,0290477747,lgimenez@example.org,Generali,9577712
FACT-000068,LOUIS,Honoré,27/03/1958,04 32 79 1,fmartins@example.net,MGEN,7417066
FACT-000069,BIGOT,Patrick,01/09/1943,0730417849,margottecher@example.org,MAAF,4704361
FACT-000070,BIGOT,Patrick,01/09/1943,0730417849,margottecher@example.org,MGEN,5404991
